Enter text,Classification,Entities,Summary,timestamp
"# OpenAI has announced the GPT-4 model, which is a large multimodal model that exhibits human-level performance on various professional benchmarks. It is developed to improve the alignment and safety of AI systems.
# additionally, the model is designed to be more efficient and scalable than its predecessor, GPT-3. The GPT-4 model is expected to be released in the coming months and will be available to the public for research and development purposes.","I would classify this text as ""News"" or more specifically, ""Business/Technology News"". It appears to be a announcement from OpenAI regarding their new GPT-4 model, which is relevant to current events and industry news.","Here are the extracted entities as a comma-separated list:

OpenAI, GPT-4, AI systems 

Let me know if you'd like me to help with anything else!","OpenAI has announced GPT-4, a large multimodal model designed to improve AI system alignment and safety, with a planned release expected within the coming months.",2025-01-29 21:57:01.116613
"# OpenAI has announced the GPT-4 model, which is a large multimodal model that exhibits human-level performance on various professional benchmarks. It is developed to improve the alignment and safety of AI systems.
# additionally, the model is designed to be more efficient and scalable than its predecessor, GPT-3. The GPT-4 model is expected to be released in the coming months and will be available to the public for research and development purposes.","I would classify this text as ""News"" or more specifically, ""Business/Technology News"". It appears to be a announcement from OpenAI regarding their new GPT-4 model, which is relevant to current events and industry news.","Here are the extracted entities as a comma-separated list:

OpenAI, GPT-4, AI systems 

Let me know if you'd like me to help with anything else!","OpenAI has announced GPT-4, a large multimodal model designed to improve AI system alignment and safety, with a planned release expected within the coming months.",2025-01-29 21:57:06.318200
"# OpenAI has announced the GPT-4 model, which is a large multimodal model that exhibits human-level performance on various professional benchmarks. It is developed to improve the alignment and safety of AI systems.
# additionally, the model is designed to be more efficient and scalable than its predecessor, GPT-3. The GPT-4 model is expected to be released in the coming months and will be available to the public for research and development purposes.","I would classify this text as ""News"" or more specifically, ""Business/Technology News"". It appears to be a announcement from OpenAI regarding their new GPT-4 model, which is relevant to current events and industry news.","Here are the extracted entities as a comma-separated list:

OpenAI, GPT-4, AI systems 

Let me know if you'd like me to help with anything else!","OpenAI has announced GPT-4, a large multimodal model designed to improve AI system alignment and safety, with a planned release expected within the coming months.",2025-01-29 21:57:08.349478
